# The pilot set of story 9.1 (E9): what each tests, by tier. Descriptions by hand; class and
# overrides as materials.csv's (classes.toml). A texel is about 3 cm in the game (a 64-texel
# texture about 2 m). Columns: stem, tier, class, description, overrides.
#   reimagine: generic fill, a new surface at the same scale and arrangement
#   layout:    trims, doors, panels, carvings: every shape stays where it is
#   faithful:  pictures, symbols, signs: restored, no new content
# An animated texture needs every frame (+0... +4...): one frame left out shows the original in
# the cycle. Its frames share a seed (redraw.anim_base).
#   liquid, lava: near their shapes, no light to take out; glass: the tint of the view
stem,tier,class,description,overrides
rtex022,reimagine,stone,"a castle wall of large rough-hewn tan-brown sandstone ashlar blocks about one metre wide, deep black mortar joints, chipped weathered edges and damp grime",
rtex005,reimagine,stone,"a wall of dark grey rounded fieldstones of mixed sizes set in black mortar, worn smooth, slightly damp",
rtex429~0a31,reimagine,brick,"a floor of dark brown irregular old bricks with black joints, worn by feet, chipped corners and grime",
rtex043~79b8,reimagine,wood,"two vertical weathered oak planks, dark reddish brown, deep wood grain and cracks, a dark gap between them",
rtex148,reimagine,earth,"dark brown packed earth with small pebbles and grit",
rtex034,reimagine,stone,"a floor of irregular grey-brown flagstones in crazy paving with dark joints, worn smooth by feet",
mtex466,reimagine,stone,"Mesoamerican temple paving: pale weathered limestone slabs framing a darker inner square, faded red pigment stains, moss in the joints",
mtex501,reimagine,stone,"a dark grey-brown rough granite rock face speckled with lichen",
rtex388~6280,reimagine,foliage,"dense dark green grass and weeds seen from above",
rtex338,reimagine,stone,"an Egyptian wall of warm tan sandstone blocks in staggered courses, sand-blasted, fine joints",
rtex032,reimagine,stone,"polished dark grey-green marble with pale beige and gold veins",rough_min=0.25;rough_max=0.55
ttex004,reimagine,stone,"a Himalayan monastery wall of pale beige dressed stone blocks in staggered courses with grey-blue lime mortar",
rtex011,layout,metal,"a square riveted wrought-iron plate with eight round rivet heads and a raised rim, dark iron with patches of brown rust",
rtex054,layout,rust,"a square riveted iron plate, heavily corroded: flaking orange-brown rust and green-grey patina over dark iron, eight rivet heads",
rtex367~2533,layout,wood,"a heavy dark oak door panel with wrought-iron straps and studs and a central iron triquetra knot boss",
rtex251,layout,metal,"a dark door panel: a lattice of riveted iron bars with spiked corner brackets, a small iron skull boss in the centre and an iron ring handle, over dark wood",
mtex488,layout,stone,"Mesoamerican masonry: a tapered grey stone pillar between two ochre limestone blocks with dark joints",
rtex287,layout,stone,"a carved Mesoamerican limestone panel with a raised geometric meander pattern, weathered tan stone",
rtex013,layout,stone,"a grey stone relief panel of a skeletal horseman drawing a bow on a rearing horse, a carved border with round emblems",bump=0.7
ttex043,layout,wood,"a Tibetan carved timber frieze: an ochre-painted geometric ornament on red-brown painted panels between dark beams",
mtex443,faithful,stone,"a Mesoamerican carved stone face mask relief with faded red and green paint",
+0rune1,faithful,rune,"a dark rough stone panel with a red-painted rune symbol in a carved recess",
+1rune1,faithful,rune,"a dark rough stone panel with a red-painted rune symbol in a carved recess",
+2rune1,faithful,rune,"a dark rough stone panel with a red-painted rune symbol in a carved recess",
+3rune1,faithful,rune,"a dark rough stone panel with a red-painted rune symbol in a carved recess",
+4rune1,faithful,rune,"a dark rough stone panel with a red-painted rune symbol in a carved recess",
rtex106,faithful,prop,"a row of old leather-bound books on a shelf, spines in green, brown and grey with gold bands",
rtex432~994d,faithful,prop,"an old weathered parchment notice with rows of dark, smudged, illegible hand-lettering (no readable letters), nailed onto dark wood",
rtex324,faithful,plaster,"an Egyptian wall painting on white plaster: a figure in a golden robe and blue headdress beside columns of hieroglyphs",
rtex252,faithful,stone,"a grey marble relief in a niche: a Roman figure in a toga with a hound at his side",bump=0.7
rtex018,glass,glass,"a tall gothic leaded stained-glass window: pale green and amber glass panes in dark lead cames, tracery at the top",
#rtex078,liquid,liquid,"clear blue water with bright ripple highlights",
#lava000,lava,lava,"molten lava with glowing orange cracks in a black crust",
models/archer.mdl_0,skin,skin_metal,"an undead archer: dark steel plate armour with skull ornaments, green cloth, brown leather straps, a wooden bow and a green glowing arrow",
models/imp.mdl_0,skin,skin,"a fire imp: charcoal-black scaly hide with red glowing eyes and red membranes on its wings",
models/golem_s.mdl_0,skin,skin,"a stone golem: carved grey granite body with chiselled armour-like plates and glowing eyes",
